Location,Period,Total
Afghanistan,2018,29.01
Afghanistan,2017,27.07
Afghanistan,2016,26.11
Afghanistan,2015,14.91
Afghanistan,2014,12.67
Afghanistan,2013,9.01
Afghanistan,2012,11.15
Afghanistan,2011,18.87
Afghanistan,2010,15.11
Afghanistan,2009,14.77
Afghanistan,2008,17.84
Afghanistan,2007,21.55
Afghanistan,2006,20.53
Afghanistan,2005,27.08
Afghanistan,2004,37.64
Afghanistan,2003,68.41
Afghanistan,2002,104.0
Afghanistan,2001,91.89
Afghanistan,2000,95.54
Algeria,2018,0.0
Algeria,2017,0.0
Algeria,2016,0.0
Algeria,2015,0.0
Algeria,2014,0.0
Algeria,2013,0.004
Algeria,2012,0.025
Algeria,2011,0.0005
Algeria,2010,0.0005
Algeria,2009,0.0
Algeria,2008,0.001
Algeria,2007,0.013
Algeria,2006,0.0005
Algeria,2005,0.0005
Algeria,2004,0.001
Algeria,2003,0.003
Algeria,2002,0.005
Algeria,2001,0.003
Algeria,2000,0.019
Angola,2018,228.9
Angola,2017,228.9
Angola,2016,220.0
Angola,2015,200.0
Angola,2014,187.9
Angola,2013,180.9
Angola,2012,174.4
Angola,2011,176.0
Angola,2010,185.5
Angola,2009,204.3
Angola,2008,241.2
Angola,2007,286.7
Angola,2006,313.8
Angola,2005,323.7
Angola,2004,319.7
Angola,2003,315.3
Angola,2002,312.3
Angola,2001,328.3
Angola,2000,324.4
Argentina,2018,0.0
Argentina,2017,0.0
Argentina,2016,0.0
Argentina,2015,0.0
Argentina,2014,0.0
Argentina,2013,0.0
Argentina,2012,0.0
Argentina,2011,0.0
Argentina,2010,0.068
Argentina,2009,0.42
Argentina,2008,0.65
Argentina,2007,1.95
Argentina,2006,1.08
Argentina,2005,1.3
Argentina,2004,0.6
Argentina,2003,0.64
Argentina,2002,0.66
Argentina,2001,1.15
Argentina,2000,2.39
Armenia,2018,0.0
Armenia,2017,0.0
Armenia,2016,0.0
Armenia,2015,0.0
Armenia,2014,0.0
Armenia,2013,0.0
Armenia,2012,0.0
Armenia,2011,0.0
Armenia,2010,0.0
Armenia,2009,0.0
Armenia,2008,0.0
Armenia,2007,0.0
Armenia,2006,0.0
Armenia,2005,0.002
Armenia,2004,0.016
Armenia,2003,0.01
Armenia,2002,0.017
Armenia,2001,0.026
Armenia,2000,0.046
Azerbaijan,2018,0.0
Azerbaijan,2017,0.0
Azerbaijan,2016,0.0
Azerbaijan,2015,0.0
Azerbaijan,2014,0.0
Azerbaijan,2013,0.0
Azerbaijan,2012,0.014
Azerbaijan,2011,0.019
Azerbaijan,2010,0.24
Azerbaijan,2009,0.38
Azerbaijan,2008,0.35
Azerbaijan,2007,0.54
Azerbaijan,2006,0.72
Azerbaijan,2005,1.23
Azerbaijan,2004,1.99
Azerbaijan,2003,2.51
Azerbaijan,2002,2.66
Azerbaijan,2001,5.61
Azerbaijan,2000,8.17
Bangladesh,2018,0.69
Bangladesh,2017,1.95
Bangladesh,2016,1.86
Bangladesh,2015,2.72
Bangladesh,2014,3.3
Bangladesh,2013,1.54
Bangladesh,2012,2.2
Bangladesh,2011,3.95
Bangladesh,2010,4.33
Bangladesh,2009,8.17
Bangladesh,2008,7.8
Bangladesh,2007,4.89
Bangladesh,2006,4.52
Bangladesh,2005,6.05
Bangladesh,2004,6.24
Bangladesh,2003,6.44
Bangladesh,2002,6.67
Bangladesh,2001,6.91
Bangladesh,2000,7.18
Belize,2018,0.011
Belize,2017,0.027
Belize,2016,0.016
Belize,2015,0.036
Belize,2014,0.078
Belize,2013,0.084
Belize,2012,0.14
Belize,2011,0.32
Belize,2010,0.67
Belize,2009,1.18
Belize,2008,2.55
Belize,2007,4.1
Belize,2006,4.2
Belize,2005,7.91
Belize,2004,5.6
Belize,2003,5.83
Belize,2002,6.26
Belize,2001,6.6
Belize,2000,8.71
Benin,2018,386.2
Benin,2017,399.6
Benin,2016,421.6
Benin,2015,411.8
Benin,2014,399.2
Benin,2013,395.0
Benin,2012,378.0
Benin,2011,370.1
Benin,2010,387.8
Benin,2009,418.0
Benin,2008,453.2
Benin,2007,480.2
Benin,2006,492.7
Benin,2005,487.0
Benin,2004,475.4
Benin,2003,454.3
Benin,2002,435.1
Benin,2001,428.7
Benin,2000,410.9
Bhutan,2018,0.011
Bhutan,2017,0.02
Bhutan,2016,0.028
Bhutan,2015,0.063
Bhutan,2014,0.036
Bhutan,2013,0.029
Bhutan,2012,0.16
Bhutan,2011,0.44
Bhutan,2010,1.04
Bhutan,2009,1.94
Bhutan,2008,0.66
Bhutan,2007,1.61
Bhutan,2006,3.84
Bhutan,2005,3.8
Bhutan,2004,5.65
Bhutan,2003,8.19
Bhutan,2002,14.28
Bhutan,2001,13.39
Bhutan,2000,13.57
Bolivia,2018,1.41
Bolivia,2017,1.22
Bolivia,2016,1.5
Bolivia,2015,1.89
Bolivia,2014,2.25
Bolivia,2013,2.26
Bolivia,2012,2.33
Bolivia,2011,2.09
Bolivia,2010,4.09
Bolivia,2009,2.98
Bolivia,2008,3.0
Bolivia,2007,4.57
Bolivia,2006,8.18
Bolivia,2005,8.88
Bolivia,2004,4.91
Bolivia,2003,6.82
Bolivia,2002,4.98
Bolivia,2001,5.74
Bolivia,2000,11.95
Botswana,2018,0.59
Botswana,2017,2.05
Botswana,2016,0.81
Botswana,2015,0.37
Botswana,2014,1.5
Botswana,2013,0.53
Botswana,2012,0.22
Botswana,2011,0.51
Botswana,2010,1.69
Botswana,2009,2.1
Botswana,2008,1.93
Botswana,2007,1.03
Botswana,2006,4.01
Botswana,2005,1.25
Botswana,2004,1.04
Botswana,2003,1.63
Botswana,2002,3.28
Botswana,2001,7.03
Botswana,2000,17.88
Brazil,2018,5.12
Brazil,2017,5.23
Brazil,2016,3.22
Brazil,2015,3.88
Brazil,2014,3.6
Brazil,2013,4.82
Brazil,2012,6.38
Brazil,2011,7.08
Brazil,2010,9.81
Brazil,2009,8.36
Brazil,2008,8.61
Brazil,2007,13.85
Brazil,2006,15.29
Brazil,2005,17.42
Brazil,2004,13.83
Brazil,2003,12.62
Brazil,2002,11.17
Brazil,2001,12.99
Brazil,2000,21.44
Burkina Faso,2018,398.7
Burkina Faso,2017,399.9
Burkina Faso,2016,401.7
Burkina Faso,2015,400.1
Burkina Faso,2014,436.1
Burkina Faso,2013,487.5
Burkina Faso,2012,527.5
Burkina Faso,2011,539.6
Burkina Faso,2010,551.2
Burkina Faso,2009,552.0
Burkina Faso,2008,533.4
Burkina Faso,2007,503.8
Burkina Faso,2006,493.8
Burkina Faso,2005,506.8
Burkina Faso,2004,537.0
Burkina Faso,2003,566.3
Burkina Faso,2002,580.6
Burkina Faso,2001,588.5
Burkina Faso,2000,589.3
Burundi,2018,250.3
Burundi,2017,250.3
Burundi,2016,225.7
Burundi,2015,165.5
Burundi,2014,141.5
Burundi,2013,140.6
Burundi,2012,153.9
Burundi,2011,184.1
Burundi,2010,210.2
Burundi,2009,220.6
Burundi,2008,222.8
Burundi,2007,222.9
Burundi,2006,235.7
Burundi,2005,262.0
Burundi,2004,307.8
Burundi,2003,355.7
Burundi,2002,391.1
Burundi,2001,431.2
Burundi,2000,442.7
Cabo Verde,2018,0.014
Cabo Verde,2017,3.03
Cabo Verde,2016,0.35
Cabo Verde,2015,0.051
Cabo Verde,2014,0.19
Cabo Verde,2013,0.17
Cabo Verde,2012,0.008
Cabo Verde,2011,0.054
Cabo Verde,2010,0.37
Cabo Verde,2009,0.51
Cabo Verde,2008,0.28
Cabo Verde,2007,0.15
Cabo Verde,2006,0.66
Cabo Verde,2005,0.56
Cabo Verde,2004,0.38
Cabo Verde,2003,0.58
Cabo Verde,2002,0.66
Cabo Verde,2001,0.94
Cabo Verde,2000,1.29
Cambodia,2018,23.69
Cambodia,2017,17.9
Cambodia,2016,11.13
Cambodia,2015,19.94
Cambodia,2014,22.26
Cambodia,2013,15.89
Cambodia,2012,24.88
Cambodia,2011,35.79
Cambodia,2010,34.91
Cambodia,2009,42.77
Cambodia,2008,21.89
Cambodia,2007,19.76
Cambodia,2006,45.95
Cambodia,2005,41.41
Cambodia,2004,43.62
Cambodia,2003,51.13
Cambodia,2002,39.05
Cambodia,2001,44.3
Cambodia,2000,77.84
Cameroon,2018,247.0
Cameroon,2017,262.2
Cameroon,2016,264.3
Cameroon,2015,254.5
Cameroon,2014,244.1
Cameroon,2013,243.0
Cameroon,2012,245.1
Cameroon,2011,265.1
Cameroon,2010,295.5
Cameroon,2009,323.0
Cameroon,2008,358.7
Cameroon,2007,386.7
Cameroon,2006,403.1
Cameroon,2005,412.1
Cameroon,2004,411.6
Cameroon,2003,394.6
Cameroon,2002,383.4
Cameroon,2001,387.0
Cameroon,2000,386.3
Central African Rep.,2018,347.3
Central African Rep.,2017,347.3
Central African Rep.,2016,362.0
Central African Rep.,2015,379.9
Central African Rep.,2014,393.0
Central African Rep.,2013,406.8
Central African Rep.,2012,413.1
Central African Rep.,2011,419.3
Central African Rep.,2010,434.5
Central African Rep.,2009,448.5
Central African Rep.,2008,461.8
Central African Rep.,2007,471.1
Central African Rep.,2006,472.6
Central African Rep.,2005,472.1
Central African Rep.,2004,471.0
Central African Rep.,2003,461.5
Central African Rep.,2002,454.4
Central African Rep.,2001,456.6
Central African Rep.,2000,458.8
Chad,2018,164.8
Chad,2017,172.3
Chad,2016,169.9
Chad,2015,167.3
Chad,2014,170.3
Chad,2013,179.4
Chad,2012,195.3
Chad,2011,210.5
Chad,2010,225.9
Chad,2009,222.9
Chad,2008,215.1
Chad,2007,210.7
Chad,2006,205.6
Chad,2005,198.9
Chad,2004,195.5
Chad,2003,203.9
Chad,2002,211.4
Chad,2001,245.0
Chad,2000,241.8
China,2018,0.0
China,2017,0.0
China,2016,0.0
China,2015,0.0001
China,2014,0.0001
China,2013,0.0002
China,2012,0.0004
China,2011,0.006
China,2010,0.009
China,2009,0.016
China,2008,0.029
China,2007,0.052
China,2006,0.063
China,2005,0.039
China,2004,0.049
China,2003,0.052
China,2002,0.046
China,2001,0.039
China,2000,0.015
Colombia,2018,8.5
Colombia,2017,7.48
Colombia,2016,10.83
Colombia,2015,6.94
Colombia,2014,5.48
Colombia,2013,7.02
Colombia,2012,8.25
Colombia,2011,8.32
Colombia,2010,16.43
Colombia,2009,11.16
Colombia,2008,11.41
Colombia,2007,18.34
Colombia,2006,17.3
Colombia,2005,17.68
Colombia,2004,21.2
Colombia,2003,27.68
Colombia,2002,32.2
Colombia,2001,37.37
Colombia,2000,24.02
Comoros,2018,18.76
Comoros,2017,3.97
Comoros,2016,1.44
Comoros,2015,1.67
Comoros,2014,2.9
Comoros,2013,71.69
Comoros,2012,68.85
Comoros,2011,35.18
Comoros,2010,52.98
Comoros,2009,57.81
Comoros,2008,59.21
Comoros,2007,60.65
Comoros,2006,62.11
Comoros,2005,63.61
Comoros,2004,65.13
Comoros,2003,66.69
Comoros,2002,68.29
Comoros,2001,69.99
Comoros,2000,71.79
Congo,2018,235.1
Congo,2017,240.6
Congo,2016,233.4
Congo,2015,226.7
Congo,2014,231.8
Congo,2013,231.0
Congo,2012,224.6
Congo,2011,224.4
Congo,2010,220.9
Congo,2009,226.3
Congo,2008,249.2
Congo,2007,281.8
Congo,2006,305.9
Congo,2005,322.8
Congo,2004,334.5
Congo,2003,338.9
Congo,2002,347.5
Congo,2001,373.1
Congo,2000,384.6
Costa Rica,2018,0.04
Costa Rica,2017,0.007
Costa Rica,2016,0.002
Costa Rica,2015,0.0
Costa Rica,2014,0.0
Costa Rica,2013,0.0
Costa Rica,2012,0.004
Costa Rica,2011,0.006
Costa Rica,2010,0.069
Costa Rica,2009,0.17
Costa Rica,2008,0.62
Costa Rica,2007,0.79
Costa Rica,2006,1.91
Costa Rica,2005,2.36
Costa Rica,2004,0.87
Costa Rica,2003,0.49
Costa Rica,2002,0.71
Costa Rica,2001,0.97
Costa Rica,2000,1.35
Côte d'Ivoire,2018,330.6
Côte d'Ivoire,2017,362.4
Côte d'Ivoire,2016,354.7
Côte d'Ivoire,2015,320.0
Côte d'Ivoire,2014,315.1
Côte d'Ivoire,2013,338.9
Côte d'Ivoire,2012,396.3
Côte d'Ivoire,2011,442.1
Côte d'Ivoire,2010,469.3
Côte d'Ivoire,2009,494.5
Côte d'Ivoire,2008,510.1
Côte d'Ivoire,2007,510.0
Côte d'Ivoire,2006,506.6
Côte d'Ivoire,2005,510.0
Côte d'Ivoire,2004,518.7
Côte d'Ivoire,2003,520.1
Côte d'Ivoire,2002,519.6
Côte d'Ivoire,2001,519.5
Côte d'Ivoire,2000,514.6
North Korea,2018,0.36
North Korea,2017,0.46
North Korea,2016,0.28
North Korea,2015,0.75
North Korea,2014,1.08
North Korea,2013,1.48
North Korea,2012,2.26
North Korea,2011,1.74
North Korea,2010,1.41
North Korea,2009,1.53
North Korea,2008,1.75
North Korea,2007,0.46
North Korea,2006,1.38
North Korea,2005,1.21
North Korea,2004,2.92
North Korea,2003,1.8
North Korea,2002,1.82
North Korea,2001,15.91
North Korea,2000,10.12
Dem. Rep. Congo,2018,319.8
Dem. Rep. Congo,2017,329.1
Dem. Rep. Congo,2016,322.8
Dem. Rep. Congo,2015,308.8
Dem. Rep. Congo,2014,308.4
Dem. Rep. Congo,2013,327.6
Dem. Rep. Congo,2012,363.0
Dem. Rep. Congo,2011,399.6
Dem. Rep. Congo,2010,428.3
Dem. Rep. Congo,2009,452.2
Dem. Rep. Congo,2008,471.4
Dem. Rep. Congo,2007,481.9
Dem. Rep. Congo,2006,484.5
Dem. Rep. Congo,2005,485.1
Dem. Rep. Congo,2004,483.4
Dem. Rep. Congo,2003,476.1
Dem. Rep. Congo,2002,470.4
Dem. Rep. Congo,2001,473.6
Dem. Rep. Congo,2000,475.7
Djibouti,2018,35.21
Djibouti,2017,20.72
Djibouti,2016,19.81
Djibouti,2015,13.82
Djibouti,2014,14.01
Djibouti,2013,2.54
Djibouti,2012,3.31
Djibouti,2011,3.42
Djibouti,2010,1.6
Djibouti,2009,4.33
Djibouti,2008,3.74
Djibouti,2007,3.84
Djibouti,2006,3.95
Djibouti,2005,4.06
Djibouti,2004,4.19
Djibouti,2003,4.32
Djibouti,2002,4.47
Djibouti,2001,4.64
Djibouti,2000,4.84
Dominican Rep.,2018,0.12
Dominican Rep.,2017,0.06
Dominican Rep.,2016,0.16
Dominican Rep.,2015,0.14
Dominican Rep.,2014,0.1
Dominican Rep.,2013,0.14
Dominican Rep.,2012,0.23
Dominican Rep.,2011,0.39
Dominican Rep.,2010,0.6
Dominican Rep.,2009,0.4
Dominican Rep.,2008,0.45
Dominican Rep.,2007,0.68
Dominican Rep.,2006,0.89
Dominican Rep.,2005,0.99
Dominican Rep.,2004,0.62
Dominican Rep.,2003,0.41
Dominican Rep.,2002,0.35
Dominican Rep.,2001,0.28
Dominican Rep.,2000,0.33
Ecuador,2018,3.32
Ecuador,2017,2.61
Ecuador,2016,2.48
Ecuador,2015,1.31
Ecuador,2014,0.52
Ecuador,2013,0.8
Ecuador,2012,1.21
Ecuador,2011,2.74
Ecuador,2010,4.28
Ecuador,2009,9.57
Ecuador,2008,11.55
Ecuador,2007,20.32
Ecuador,2006,24.07
Ecuador,2005,42.32
Ecuador,2004,72.51
Ecuador,2003,133.6
Ecuador,2002,226.5
Ecuador,2001,289.4
Ecuador,2000,282.8
Egypt,2018,0.0
Egypt,2017,0.0
Egypt,2016,0.0
Egypt,2015,0.0
Egypt,2014,0.0
Egypt,2013,0.0
Egypt,2012,0.0
Egypt,2011,0.0
Egypt,2010,0.0
Egypt,2009,0.0
Egypt,2008,0.0
Egypt,2007,0.0
Egypt,2006,0.0
Egypt,2005,0.0
Egypt,2004,0.0
Egypt,2003,0.0
Egypt,2002,0.0
Egypt,2001,0.0
Egypt,2000,0.0
El Salvador,2018,0.0
El Salvador,2017,0.0
El Salvador,2016,0.009
El Salvador,2015,0.002
El Salvador,2014,0.005
El Salvador,2013,0.005
El Salvador,2012,0.01
El Salvador,2011,0.008
El Salvador,2010,0.015
El Salvador,2009,0.016
El Salvador,2008,0.027
El Salvador,2007,0.032
El Salvador,2006,0.04
El Salvador,2005,0.055
El Salvador,2004,0.092
El Salvador,2003,0.07
El Salvador,2002,0.097
El Salvador,2001,0.3
El Salvador,2000,0.63
Equatorial Guinea,2018,269.0
Equatorial Guinea,2017,285.7
Equatorial Guinea,2016,307.0
Equatorial Guinea,2015,339.5
Equatorial Guinea,2014,360.9
Equatorial Guinea,2013,365.7
Equatorial Guinea,2012,357.8
Equatorial Guinea,2011,342.4
Equatorial Guinea,2010,340.0
Equatorial Guinea,2009,351.3
Equatorial Guinea,2008,378.2
Equatorial Guinea,2007,398.1
Equatorial Guinea,2006,404.2
Equatorial Guinea,2005,411.5
Equatorial Guinea,2004,418.4
Equatorial Guinea,2003,415.3
Equatorial Guinea,2002,409.8
Equatorial Guinea,2001,407.2
Equatorial Guinea,2000,404.8
Eritrea,2018,28.88
Eritrea,2017,33.97
Eritrea,2016,25.64
Eritrea,2015,19.2
Eritrea,2014,33.12
Eritrea,2013,15.03
Eritrea,2012,16.15
Eritrea,2011,23.86
Eritrea,2010,26.33
Eritrea,2009,8.86
Eritrea,2008,6.78
Eritrea,2007,12.54
Eritrea,2006,5.63
Eritrea,2005,9.79
Eritrea,2004,5.55
Eritrea,2003,19.03
Eritrea,2002,13.23
Eritrea,2001,22.93
Eritrea,2000,21.56
eSwatini,2018,0.84
eSwatini,2017,2.3
eSwatini,2016,1.12
eSwatini,2015,0.51
eSwatini,2014,2.32
eSwatini,2013,3.16
eSwatini,2012,1.86
eSwatini,2011,1.83
eSwatini,2010,0.9
eSwatini,2009,0.36
eSwatini,2008,0.2
eSwatini,2007,0.29
eSwatini,2006,0.53
eSwatini,2005,0.97
eSwatini,2004,2.0
eSwatini,2003,1.19
eSwatini,2002,2.35
eSwatini,2001,4.92
eSwatini,2000,2.88
Ethiopia,2018,31.81
Ethiopia,2017,36.74
Ethiopia,2016,41.41
Ethiopia,2015,52.77
Ethiopia,2014,57.1
Ethiopia,2013,111.6
Ethiopia,2012,116.2
Ethiopia,2011,116.1
Ethiopia,2010,128.4
Ethiopia,2009,123.4
Ethiopia,2008,90.66
Ethiopia,2007,121.7
Ethiopia,2006,145.5
Ethiopia,2005,161.1
Ethiopia,2004,218.8
Ethiopia,2003,183.5
Ethiopia,2002,155.3
Ethiopia,2001,157.3
Ethiopia,2000,157.3
Gabon,2018,248.2
Gabon,2017,254.2
Gabon,2016,270.7
Gabon,2015,284.4
Gabon,2014,285.7
Gabon,2013,272.8
Gabon,2012,245.5
Gabon,2011,212.7
Gabon,2010,177.8
Gabon,2009,145.9
Gabon,2008,118.9
Gabon,2007,110.7
Gabon,2006,123.9
Gabon,2005,154.3
Gabon,2004,207.4
Gabon,2003,270.8
Gabon,2002,324.1
Gabon,2001,362.0
Gabon,2000,382.8
Gambia,2018,66.0
Gambia,2017,53.02
Gambia,2016,116.5
Gambia,2015,195.0
Gambia,2014,142.0
Gambia,2013,237.0
Gambia,2012,274.8
Gambia,2011,257.3
Gambia,2010,289.3
Gambia,2009,298.0
Gambia,2008,306.8
Gambia,2007,316.0
Gambia,2006,325.7
Gambia,2005,335.9
Gambia,2004,346.9
Gambia,2003,358.5
Gambia,2002,370.5
Gambia,2001,382.7
Gambia,2000,394.9
Georgia,2018,0.0
Georgia,2017,0.0
Georgia,2016,0.0
Georgia,2015,0.0
Georgia,2014,0.0
Georgia,2013,0.0
Georgia,2012,0.0
Georgia,2011,0.0
Georgia,2010,0.0
Georgia,2009,0.024
Georgia,2008,0.14
Georgia,2007,0.58
Georgia,2006,1.41
Georgia,2005,3.68
Georgia,2004,6.08
Georgia,2003,7.45
Georgia,2002,11.13
Georgia,2001,10.19
Georgia,2000,5.62
Ghana,2018,224.3
Ghana,2017,212.6
Ghana,2016,236.0
Ghana,2015,277.2
Ghana,2014,315.8
Ghana,2013,349.3
Ghana,2012,374.3
Ghana,2011,379.5
Ghana,2010,364.2
Ghana,2009,351.4
Ghana,2008,333.7
Ghana,2007,322.3
Ghana,2006,333.3
Ghana,2005,339.0
Ghana,2004,354.1
Ghana,2003,372.8
Ghana,2002,393.2
Ghana,2001,422.1
Ghana,2000,437.5
Guatemala,2018,0.27
Guatemala,2017,0.34
Guatemala,2016,0.45
Guatemala,2015,0.65
Guatemala,2014,0.55
Guatemala,2013,0.62
Guatemala,2012,0.54
Guatemala,2011,0.71
Guatemala,2010,0.87
Guatemala,2009,0.77
Guatemala,2008,0.8
Guatemala,2007,1.74
Guatemala,2006,3.62
Guatemala,2005,4.71
Guatemala,2004,3.53
Guatemala,2003,3.9
Guatemala,2002,4.58
Guatemala,2001,4.74
Guatemala,2000,7.24
Guinea,2018,283.9
Guinea,2017,311.5
Guinea,2016,331.5
Guinea,2015,356.6
Guinea,2014,381.1
Guinea,2013,408.1
Guinea,2012,427.8
Guinea,2011,426.9
Guinea,2010,414.7
Guinea,2009,398.1
Guinea,2008,370.2
Guinea,2007,343.7
Guinea,2006,335.5
Guinea,2005,342.0
Guinea,2004,369.5
Guinea,2003,404.5
Guinea,2002,428.3
Guinea,2001,450.8
Guinea,2000,458.1
Guinea-Bissau,2018,123.3
Guinea-Bissau,2017,78.33
Guinea-Bissau,2016,71.35
Guinea-Bissau,2015,79.77
Guinea-Bissau,2014,93.9
Guinea-Bissau,2013,113.4
Guinea-Bissau,2012,128.7
Guinea-Bissau,2011,140.6
Guinea-Bissau,2010,134.4
Guinea-Bissau,2009,113.8
Guinea-Bissau,2008,89.02
Guinea-Bissau,2007,72.81
Guinea-Bissau,2006,78.0
Guinea-Bissau,2005,98.45
Guinea-Bissau,2004,146.4
Guinea-Bissau,2003,227.0
Guinea-Bissau,2002,311.1
Guinea-Bissau,2001,395.7
Guinea-Bissau,2000,474.5
Guyana,2018,44.37
Guyana,2017,32.55
Guyana,2016,24.98
Guyana,2015,23.49
Guyana,2014,29.23
Guyana,2013,75.68
Guyana,2012,57.7
Guyana,2011,54.65
Guyana,2010,43.8
Guyana,2009,26.85
Guyana,2008,24.03
Guyana,2007,21.03
Guyana,2006,37.02
Guyana,2005,73.15
Guyana,2004,54.2
Guyana,2003,51.91
Guyana,2002,41.16
Guyana,2001,50.96
Guyana,2000,45.03
Haiti,2018,1.61
Haiti,2017,3.55
Haiti,2016,3.8
Haiti,2015,3.44
Haiti,2014,3.49
Haiti,2013,5.31
Haiti,2012,6.53
Haiti,2011,9.03
Haiti,2010,8.73
Haiti,2009,9.01
Haiti,2008,10.39
Haiti,2007,8.64
Haiti,2006,9.73
Haiti,2005,10.23
Haiti,2004,10.56
Haiti,2003,10.91
Haiti,2002,11.28
Haiti,2001,11.67
Haiti,2000,12.07
Honduras,2018,0.13
Honduras,2017,0.22
Honduras,2016,0.74
Honduras,2015,0.59
Honduras,2014,0.56
Honduras,2013,0.92
Honduras,2012,1.11
Honduras,2011,1.32
Honduras,2010,1.77
Honduras,2009,1.75
Honduras,2008,1.62
Honduras,2007,2.12
Honduras,2006,2.49
Honduras,2005,3.46
Honduras,2004,3.81
Honduras,2003,3.2
Honduras,2002,4.02
Honduras,2001,5.79
Honduras,2000,8.65
India,2018,5.33
India,2017,7.47
India,2016,9.99
India,2015,9.67
India,2014,9.2
India,2013,9.16
India,2012,11.85
India,2011,14.76
India,2010,17.52
India,2009,18.2
India,2008,17.93
India,2007,17.34
India,2006,18.23
India,2005,22.69
India,2004,21.27
India,2003,19.42
India,2002,18.5
India,2001,19.96
India,2000,19.93
Indonesia,2018,3.87
Indonesia,2017,6.77
Indonesia,2016,5.54
Indonesia,2015,5.38
Indonesia,2014,6.1
Indonesia,2013,8.13
Indonesia,2012,9.68
Indonesia,2011,9.89
Indonesia,2010,11.02
Indonesia,2009,7.3
Indonesia,2008,7.5
Indonesia,2007,7.7
Indonesia,2006,8.09
Indonesia,2005,9.74
Indonesia,2004,6.52
Indonesia,2003,8.57
Indonesia,2002,8.8
Indonesia,2001,9.05
Indonesia,2000,9.3
Iran,2018,0.0
Iran,2017,0.073
Iran,2016,0.1
Iran,2015,0.21
Iran,2014,0.45
Iran,2013,0.61
Iran,2012,0.98
Iran,2011,2.14
Iran,2010,2.45
Iran,2009,5.83
Iran,2008,11.33
Iran,2007,21.56
Iran,2006,22.08
Iran,2005,26.62
Iran,2004,19.62
Iran,2003,33.86
Iran,2002,22.64
Iran,2001,28.44
Iran,2000,29.41
Iraq,2018,0.0
Iraq,2017,0.0
Iraq,2016,0.0
Iraq,2015,0.0
Iraq,2014,0.0
Iraq,2013,0.0
Iraq,2012,0.0
Iraq,2011,0.0
Iraq,2010,0.0
Iraq,2009,0.0
Iraq,2008,0.0005
Iraq,2007,0.0006
Iraq,2006,0.006
Iraq,2005,0.013
Iraq,2004,0.043
Iraq,2003,0.086
Iraq,2002,0.29
Iraq,2001,0.4
Iraq,2000,0.61
Kazakhstan,2018,0.0
Kazakhstan,2017,0.0
Kazakhstan,2016,0.0
Kazakhstan,2015,0.0
Kazakhstan,2014,0.0
Kazakhstan,2013,0.0
Kazakhstan,2012,0.0
Kazakhstan,2011,0.0
Kazakhstan,2010,0.0
Kazakhstan,2009,0.0
Kazakhstan,2008,0.0
Kazakhstan,2007,0.0
Kazakhstan,2006,0.0
Kazakhstan,2005,0.0
Kazakhstan,2004,0.0
Kazakhstan,2003,0.0
Kazakhstan,2002,0.0
Kazakhstan,2001,0.0
Kazakhstan,2000,0.0
Kenya,2018,70.1
Kenya,2017,70.1
Kenya,2016,70.38
Kenya,2015,72.17
Kenya,2014,83.87
Kenya,2013,82.48
Kenya,2012,73.36
Kenya,2011,67.86
Kenya,2010,67.71
Kenya,2009,67.94
Kenya,2008,67.68
Kenya,2007,78.02
Kenya,2006,100.1
Kenya,2005,127.3
Kenya,2004,166.2
Kenya,2003,196.7
Kenya,2002,207.0
Kenya,2001,212.5
Kenya,2000,213.2
Kyrgyzstan,2018,0.0
Kyrgyzstan,2017,0.0
Kyrgyzstan,2016,0.0
Kyrgyzstan,2015,0.0
Kyrgyzstan,2014,0.0
Kyrgyzstan,2013,0.0
Kyrgyzstan,2012,0.0
Kyrgyzstan,2011,0.0
Kyrgyzstan,2010,0.0007
Kyrgyzstan,2009,0.001
Kyrgyzstan,2008,0.004
Kyrgyzstan,2007,0.024
Kyrgyzstan,2006,0.079
Kyrgyzstan,2005,0.057
Kyrgyzstan,2004,0.024
Kyrgyzstan,2003,0.12
Kyrgyzstan,2002,0.7
Kyrgyzstan,2001,0.007
Kyrgyzstan,2000,0.003
Laos,2018,4.2
Laos,2017,5.63
Laos,2016,7.77
Laos,2015,22.3
Laos,2014,29.9
Laos,2013,23.3
Laos,2012,28.76
Laos,2011,10.87
Laos,2010,15.74
Laos,2009,15.03
Laos,2008,21.5
Laos,2007,22.22
Laos,2006,23.26
Laos,2005,12.96
Laos,2004,16.53
Laos,2003,20.04
Laos,2002,22.21
Laos,2001,29.55
Laos,2000,62.72
Liberia,2018,361.5
Liberia,2017,401.1
Liberia,2016,386.3
Liberia,2015,347.0
Liberia,2014,337.6
Liberia,2013,317.3
Liberia,2012,307.9
Liberia,2011,330.4
Liberia,2010,345.8
Liberia,2009,368.8
Liberia,2008,383.3
Liberia,2007,383.2
Liberia,2006,388.8
Liberia,2005,404.6
Liberia,2004,428.7
Liberia,2003,446.4
Liberia,2002,461.7
Liberia,2001,475.2
Liberia,2000,478.3
Madagascar,2018,82.4
Madagascar,2017,75.67
Madagascar,2016,56.58
Madagascar,2015,97.32
Madagascar,2014,45.78
Madagascar,2013,65.21
Madagascar,2012,71.36
Madagascar,2011,36.55
Madagascar,2010,42.24
Madagascar,2009,42.92
Madagascar,2008,23.47
Madagascar,2007,22.78
Madagascar,2006,35.26
Madagascar,2005,35.94
Madagascar,2004,46.62
Madagascar,2003,68.29
Madagascar,2002,53.68
Madagascar,2001,68.18
Madagascar,2000,57.17
Malawi,2018,213.6
Malawi,2017,216.3
Malawi,2016,210.7
Malawi,2015,217.0
Malawi,2014,237.0
Malawi,2013,267.9
Malawi,2012,314.0
Malawi,2011,362.8
Malawi,2010,386.0
Malawi,2009,394.3
Malawi,2008,392.0
Malawi,2007,370.1
Malawi,2006,342.3
Malawi,2005,329.5
Malawi,2004,337.6
Malawi,2003,363.8
Malawi,2002,397.8
Malawi,2001,426.4
Malawi,2000,426.5
Malaysia,2018,0.0
Malaysia,2017,0.068
Malaysia,2016,0.22
Malaysia,2015,0.2
Malaysia,2014,2.63
Malaysia,2013,2.48
Malaysia,2012,3.15
Malaysia,2011,3.45
Malaysia,2010,4.6
Malaysia,2009,5.37
Malaysia,2008,5.57
Malaysia,2007,3.79
Malaysia,2006,5.05
Malaysia,2005,5.42
Malaysia,2004,6.11
Malaysia,2003,6.42
Malaysia,2002,11.38
Malaysia,2001,13.48
Malaysia,2000,13.69
Mali,2018,386.8
Mali,2017,386.8
Mali,2016,384.2
Mali,2015,391.8
Mali,2014,441.0
Mali,2013,452.8
Mali,2012,435.7
Mali,2011,404.7
Mali,2010,383.6
Mali,2009,374.6
Mali,2008,379.1
Mali,2007,388.8
Mali,2006,405.7
Mali,2005,431.2
Mali,2004,429.4
Mali,2003,423.8
Mali,2002,416.5
Mali,2001,407.4
Mali,2000,406.2
Mauritania,2018,39.41
Mauritania,2017,55.49
Mauritania,2016,71.5
Mauritania,2015,61.61
Mauritania,2014,49.2
Mauritania,2013,33.22
Mauritania,2012,28.42
Mauritania,2011,47.58
Mauritania,2010,38.83
Mauritania,2009,31.64
Mauritania,2008,61.14
Mauritania,2007,70.77
Mauritania,2006,72.44
Mauritania,2005,81.78
Mauritania,2004,90.82
Mauritania,2003,113.5
Mauritania,2002,118.6
Mauritania,2001,151.3
Mauritania,2000,148.0
Mexico,2018,0.3
Mexico,2017,0.28
Mexico,2016,0.21
Mexico,2015,0.2
Mexico,2014,0.26
Mexico,2013,0.2
Mexico,2012,0.33
Mexico,2011,0.46
Mexico,2010,0.51
Mexico,2009,1.13
Mexico,2008,1.0
Mexico,2007,1.02
Mexico,2006,1.1
Mexico,2005,1.32
Mexico,2004,1.54
Mexico,2003,1.75
Mexico,2002,2.14
Mexico,2001,2.35
Mexico,2000,3.52
Morocco,2018,0.0
Morocco,2017,0.0
Morocco,2016,0.0
Morocco,2015,0.0
Morocco,2014,0.0
Morocco,2013,0.0
Morocco,2012,0.0
Morocco,2011,0.0
Morocco,2010,0.0
Morocco,2009,0.0
Morocco,2008,0.0
Morocco,2007,0.0
Morocco,2006,0.0
Morocco,2005,0.0
Morocco,2004,0.0
Morocco,2003,0.0001
Morocco,2002,0.0007
Morocco,2001,0.0
Morocco,2000,0.0001
Mozambique,2018,305.4
Mozambique,2017,326.4
Mozambique,2016,344.8
Mozambique,2015,355.9
Mozambique,2014,364.8
Mozambique,2013,377.0
Mozambique,2012,381.8
Mozambique,2011,389.9
Mozambique,2010,398.4
Mozambique,2009,402.3
Mozambique,2008,399.8
Mozambique,2007,399.4
Mozambique,2006,403.9
Mozambique,2005,417.9
Mozambique,2004,455.5
Mozambique,2003,488.1
Mozambique,2002,499.5
Mozambique,2001,507.7
Mozambique,2000,492.6
Myanmar,2018,3.4
Myanmar,2017,3.8
Myanmar,2016,5.12
Myanmar,2015,8.69
Myanmar,2014,12.33
Myanmar,2013,19.83
Myanmar,2012,61.86
Myanmar,2011,43.49
Myanmar,2010,66.98
Myanmar,2009,49.9
Myanmar,2008,52.96
Myanmar,2007,43.54
Myanmar,2006,34.69
Myanmar,2005,50.79
Myanmar,2004,51.6
Myanmar,2003,52.5
Myanmar,2002,53.49
Myanmar,2001,54.57
Myanmar,2000,55.76
Namibia,2018,26.71
Namibia,2017,46.75
Namibia,2016,22.12
Namibia,2015,10.88
Namibia,2014,14.49
Namibia,2013,4.55
Namibia,2012,3.36
Namibia,2011,2.13
Namibia,2010,1.54
Namibia,2009,3.36
Namibia,2008,7.46
Namibia,2007,12.97
Namibia,2006,43.57
Namibia,2005,42.45
Namibia,2004,69.67
Namibia,2003,45.3
Namibia,2002,47.9
Namibia,2001,71.09
Namibia,2000,58.15
Nepal,2018,0.44
Nepal,2017,0.39
Nepal,2016,0.43
Nepal,2015,0.57
Nepal,2014,0.63
Nepal,2013,1.31
Nepal,2012,2.34
Nepal,2011,3.03
Nepal,2010,3.87
Nepal,2009,3.29
Nepal,2008,4.16
Nepal,2007,5.72
Nepal,2006,4.89
Nepal,2005,5.01
Nepal,2004,4.9
Nepal,2003,10.41
Nepal,2002,12.35
Nepal,2001,8.21
Nepal,2000,7.18
Nicaragua,2018,7.14
Nicaragua,2017,4.98
Nicaragua,2016,2.89
Nicaragua,2015,1.06
Nicaragua,2014,0.54
Nicaragua,2013,0.56
Nicaragua,2012,0.6
Nicaragua,2011,0.45
Nicaragua,2010,0.34
Nicaragua,2009,0.31
Nicaragua,2008,0.39
Nicaragua,2007,0.7
Nicaragua,2006,1.64
Nicaragua,2005,3.54
Nicaragua,2004,3.73
Nicaragua,2003,3.68
Nicaragua,2002,4.28
Nicaragua,2001,5.91
Nicaragua,2000,13.54
Niger,2018,356.6
Niger,2017,356.6
Niger,2016,358.7
Niger,2015,369.8
Niger,2014,400.3
Niger,2013,420.5
Niger,2012,430.5
Niger,2011,427.9
Niger,2010,425.6
Niger,2009,419.1
Niger,2008,409.1
Niger,2007,386.7
Niger,2006,370.7
Niger,2005,355.2
Niger,2004,362.8
Niger,2003,346.8
Niger,2002,328.3
Niger,2001,317.5
Niger,2000,317.3
Nigeria,2018,291.9
Nigeria,2017,283.1
Nigeria,2016,281.4
Nigeria,2015,296.1
Nigeria,2014,314.4
Nigeria,2013,328.7
Nigeria,2012,347.7
Nigeria,2011,372.6
Nigeria,2010,398.9
Nigeria,2009,416.6
Nigeria,2008,424.7
Nigeria,2007,421.3
Nigeria,2006,418.2
Nigeria,2005,415.3
Nigeria,2004,411.4
Nigeria,2003,409.2
Nigeria,2002,413.0
Nigeria,2001,429.0
Nigeria,2000,438.8
Oman,2018,0.0
Oman,2017,0.0
Oman,2016,0.0
Oman,2015,0.0
Oman,2014,0.0
Oman,2013,0.0
Oman,2012,0.0
Oman,2011,0.0
Oman,2010,0.002
Oman,2009,0.0
Oman,2008,0.0
Oman,2007,0.0
Oman,2006,0.0
Oman,2005,0.0
Oman,2004,0.0
Oman,2003,0.0
Oman,2002,0.0
Oman,2001,0.0009
Oman,2000,0.003
Pakistan,2018,3.38
Pakistan,2017,4.75
Pakistan,2016,6.01
Pakistan,2015,5.06
Pakistan,2014,7.15
Pakistan,2013,7.55
Pakistan,2012,8.98
Pakistan,2011,10.57
Pakistan,2010,8.2
Pakistan,2009,5.89
Pakistan,2008,4.53
Pakistan,2007,5.06
Pakistan,2006,5.28
Pakistan,2005,5.36
Pakistan,2004,4.44
Pakistan,2003,6.14
Pakistan,2002,6.57
Pakistan,2001,7.23
Pakistan,2000,7.33
Panama,2018,0.19
Panama,2017,0.2
Panama,2016,0.21
Panama,2015,0.15
Panama,2014,0.27
Panama,2013,0.2
Panama,2012,0.24
Panama,2011,0.1
Panama,2010,0.12
Panama,2009,0.24
Panama,2008,0.23
Panama,2007,0.4
Panama,2006,0.53
Panama,2005,1.2
Panama,2004,1.7
Panama,2003,1.53
Panama,2002,0.78
Panama,2001,0.33
Panama,2000,0.37
Papua New Guinea,2018,184.5
Papua New Guinea,2017,177.8
Papua New Guinea,2016,177.6
Papua New Guinea,2015,131.5
Papua New Guinea,2014,243.0
Papua New Guinea,2013,215.4
Papua New Guinea,2012,169.9
Papua New Guinea,2011,140.0
Papua New Guinea,2010,169.6
Papua New Guinea,2009,248.3
Papua New Guinea,2008,190.1
Papua New Guinea,2007,205.4
Papua New Guinea,2006,246.7
Papua New Guinea,2005,238.5
Papua New Guinea,2004,291.7
Papua New Guinea,2003,230.1
Papua New Guinea,2002,215.5
Papua New Guinea,2001,254.3
Papua New Guinea,2000,260.6
Paraguay,2018,0.0
Paraguay,2017,0.0
Paraguay,2016,0.0
Paraguay,2015,0.0
Paraguay,2014,0.0
Paraguay,2013,0.0
Paraguay,2012,0.0
Paraguay,2011,0.004
Paraguay,2010,0.08
Paraguay,2009,0.41
Paraguay,2008,1.59
Paraguay,2007,6.21
Paraguay,2006,3.87
Paraguay,2005,1.79
Paraguay,2004,3.36
Paraguay,2003,6.86
Paraguay,2002,13.95
Paraguay,2001,13.87
Paraguay,2000,35.76
Peru,2018,4.65
Peru,2017,5.87
Peru,2016,6.0
Peru,2015,7.85
Peru,2014,7.1
Peru,2013,5.36
Peru,2012,3.49
Peru,2011,2.69
Peru,2010,3.32
Peru,2009,4.6
Peru,2008,4.87
Peru,2007,5.63
Peru,2006,7.25
Peru,2005,9.88
Peru,2004,10.64
Peru,2003,10.4
Peru,2002,12.12
Peru,2001,9.98
Peru,2000,9.07
Philippines,2018,0.18
Philippines,2017,0.31
Philippines,2016,0.29
Philippines,2015,0.47
Philippines,2014,0.25
Philippines,2013,0.31
Philippines,2012,0.34
Philippines,2011,0.43
Philippines,2010,0.98
Philippines,2009,1.09
Philippines,2008,1.41
Philippines,2007,2.17
Philippines,2006,2.33
Philippines,2005,3.03
Philippines,2004,3.45
Philippines,2003,3.25
Philippines,2002,2.56
Philippines,2001,2.44
Philippines,2000,2.64
South Korea,2018,0.14
South Korea,2017,0.12
South Korea,2016,0.17
South Korea,2015,0.18
South Korea,2014,0.16
South Korea,2013,0.11
South Korea,2012,0.11
South Korea,2011,0.14
South Korea,2010,0.37
South Korea,2009,0.26
South Korea,2008,0.31
South Korea,2007,0.65
South Korea,2006,0.6
South Korea,2005,0.4
South Korea,2004,0.25
South Korea,2003,0.35
South Korea,2002,0.54
South Korea,2001,0.77
South Korea,2000,1.26
Rwanda,2018,486.5
Rwanda,2017,538.3
Rwanda,2016,585.5
Rwanda,2015,342.0
Rwanda,2014,219.8
Rwanda,2013,121.4
Rwanda,2012,71.46
Rwanda,2011,39.29
Rwanda,2010,126.3
Rwanda,2009,158.2
Rwanda,2008,72.03
Rwanda,2007,90.64
Rwanda,2006,154.0
Rwanda,2005,154.6
Rwanda,2004,126.8
Rwanda,2003,144.9
Rwanda,2002,171.7
Rwanda,2001,213.4
Rwanda,2000,223.2
Sao Tome and Principe,2018,13.92
Sao Tome and Principe,2017,10.81
Sao Tome and Principe,2016,11.01
Sao Tome and Principe,2015,10.32
Sao Tome and Principe,2014,8.96
Sao Tome and Principe,2013,48.12
Sao Tome and Principe,2012,56.8
Sao Tome and Principe,2011,45.75
Sao Tome and Principe,2010,15.19
Sao Tome and Principe,2009,35.15
Sao Tome and Principe,2008,36.57
Sao Tome and Principe,2007,14.56
Sao Tome and Principe,2006,31.83
Sao Tome and Principe,2005,115.2
Sao Tome and Principe,2004,302.4
Sao Tome and Principe,2003,283.6
Sao Tome and Principe,2002,343.1
Sao Tome and Principe,2001,290.7
Sao Tome and Principe,2000,224.8
Saudi Arabia,2018,0.023
Saudi Arabia,2017,0.067
Saudi Arabia,2016,0.1
Saudi Arabia,2015,0.033
Saudi Arabia,2014,0.012
Saudi Arabia,2013,0.014
Saudi Arabia,2012,0.035
Saudi Arabia,2011,0.03
Saudi Arabia,2010,0.013
Saudi Arabia,2009,0.027
Saudi Arabia,2008,0.029
Saudi Arabia,2007,0.23
Saudi Arabia,2006,0.65
Saudi Arabia,2005,0.56
Saudi Arabia,2004,0.66
Saudi Arabia,2003,0.96
Saudi Arabia,2002,1.5
Saudi Arabia,2001,1.81
Saudi Arabia,2000,3.99
Senegal,2018,55.75
Senegal,2017,52.35
Senegal,2016,45.66
Senegal,2015,69.8
Senegal,2014,39.51
Senegal,2013,67.9
Senegal,2012,56.92
Senegal,2011,49.91
Senegal,2010,59.28
Senegal,2009,57.12
Senegal,2008,86.42
Senegal,2007,101.9
Senegal,2006,117.7
Senegal,2005,110.8
Senegal,2004,125.7
Senegal,2003,164.9
Senegal,2002,193.5
Senegal,2001,239.5
Senegal,2000,255.6
Sierra Leone,2018,320.4
Sierra Leone,2017,364.1
Sierra Leone,2016,391.3
Sierra Leone,2015,403.7
Sierra Leone,2014,409.3
Sierra Leone,2013,432.7
Sierra Leone,2012,447.5
Sierra Leone,2011,453.7
Sierra Leone,2010,458.7
Sierra Leone,2009,442.1
Sierra Leone,2008,413.8
Sierra Leone,2007,379.9
Sierra Leone,2006,374.6
Sierra Leone,2005,388.3
Sierra Leone,2004,414.0
Sierra Leone,2003,439.8
Sierra Leone,2002,458.0
Sierra Leone,2001,468.8
Sierra Leone,2000,465.8
Solomon Islands,2018,133.6
Solomon Islands,2017,164.3
Solomon Islands,2016,137.7
Solomon Islands,2015,66.85
Solomon Islands,2014,52.63
Solomon Islands,2013,94.92
Solomon Islands,2012,94.86
Solomon Islands,2011,116.9
Solomon Islands,2010,174.9
Solomon Islands,2009,147.6
Solomon Islands,2008,185.9
Solomon Islands,2007,319.1
Solomon Islands,2006,591.3
Solomon Islands,2005,613.8
Solomon Islands,2004,743.5
Solomon Islands,2003,540.0
Solomon Islands,2002,649.8
Solomon Islands,2001,681.3
Solomon Islands,2000,623.2
Somalia,2018,34.27
Somalia,2017,37.13
Somalia,2016,37.26
Somalia,2015,37.27
Somalia,2014,32.1
Somalia,2013,28.05
Somalia,2012,24.45
Somalia,2011,24.35
Somalia,2010,29.59
Somalia,2009,38.44
Somalia,2008,63.1
Somalia,2007,100.6
Somalia,2006,120.1
Somalia,2005,136.6
Somalia,2004,120.0
Somalia,2003,121.0
Somalia,2002,126.2
Somalia,2001,126.0
Somalia,2000,125.6
South Africa,2018,1.65
South Africa,2017,3.95
South Africa,2016,0.77
South Africa,2015,0.21
South Africa,2014,2.15
South Africa,2013,1.61
South Africa,2012,1.25
South Africa,2011,1.9
South Africa,2010,1.57
South Africa,2009,1.2
South Africa,2008,1.57
South Africa,2007,1.29
South Africa,2006,2.49
South Africa,2005,1.62
South Africa,2004,2.83
South Africa,2003,2.88
South Africa,2002,3.39
South Africa,2001,5.82
South Africa,2000,4.23
S. Sudan,2018,235.9
S. Sudan,2017,245.8
S. Sudan,2016,244.6
S. Sudan,2015,240.4
S. Sudan,2014,236.1
S. Sudan,2013,234.4
S. Sudan,2012,232.7
S. Sudan,2011,235.9
S. Sudan,2010,244.0
S. Sudan,2009,255.1
S. Sudan,2008,267.1
S. Sudan,2007,276.7
S. Sudan,2006,289.3
S. Sudan,2005,300.7
S. Sudan,2004,315.7
S. Sudan,2003,332.8
S. Sudan,2002,347.2
S. Sudan,2001,373.8
S. Sudan,2000,380.1
Sri Lanka,2018,0.0
Sri Lanka,2017,0.0
Sri Lanka,2016,0.0
Sri Lanka,2015,0.0
Sri Lanka,2014,0.0
Sri Lanka,2013,0.0
Sri Lanka,2012,0.005
Sri Lanka,2011,0.026
Sri Lanka,2010,0.15
Sri Lanka,2009,0.11
Sri Lanka,2008,0.14
Sri Lanka,2007,0.043
Sri Lanka,2006,0.13
Sri Lanka,2005,0.36
Sri Lanka,2004,0.83
Sri Lanka,2003,2.38
Sri Lanka,2002,9.45
Sri Lanka,2001,15.29
Sri Lanka,2000,48.63
Sudan,2018,46.75
Sudan,2017,46.75
Sudan,2016,41.73
Sudan,2015,35.88
Sudan,2014,33.38
Sudan,2013,31.45
Sudan,2012,30.16
Sudan,2011,29.97
Sudan,2010,30.66
Sudan,2009,32.29
Sudan,2008,35.05
Sudan,2007,41.08
Sudan,2006,46.69
Sudan,2005,49.59
Sudan,2004,52.43
Sudan,2003,58.1
Sudan,2002,63.33
Sudan,2001,83.81
Sudan,2000,89.05
Suriname,2018,0.34
Suriname,2017,0.47
Suriname,2016,0.91
Suriname,2015,0.98
Suriname,2014,4.91
Suriname,2013,9.02
Suriname,2012,6.93
Suriname,2011,9.75
Suriname,2010,23.33
Suriname,2009,30.8
Suriname,2008,35.47
Suriname,2007,23.06
Suriname,2006,44.07
Suriname,2005,123.8
Suriname,2004,114.9
Suriname,2003,152.4
Suriname,2002,180.2
Suriname,2001,227.4
Suriname,2000,163.3
Syria,2018,0.0
Syria,2017,0.0
Syria,2016,0.0
Syria,2015,0.0
Syria,2014,0.0
Syria,2013,0.0
Syria,2012,0.0
Syria,2011,0.0
Syria,2010,0.0
Syria,2009,0.0
Syria,2008,0.0
Syria,2007,0.0
Syria,2006,0.0
Syria,2005,0.0
Syria,2004,0.0001
Syria,2003,0.0001
Syria,2002,0.0009
Syria,2001,0.004
Syria,2000,0.0004
Tajikistan,2018,0.0
Tajikistan,2017,0.0
Tajikistan,2016,0.0
Tajikistan,2015,0.0
Tajikistan,2014,0.0007
Tajikistan,2013,0.001
Tajikistan,2012,0.007
Tajikistan,2011,0.025
Tajikistan,2010,0.044
Tajikistan,2009,0.067
Tajikistan,2008,0.13
Tajikistan,2007,0.27
Tajikistan,2006,0.58
Tajikistan,2005,1.02
Tajikistan,2004,1.61
Tajikistan,2003,2.48
Tajikistan,2002,2.87
Tajikistan,2001,5.4
Tajikistan,2000,9.18
Thailand,2018,0.36
Thailand,2017,0.95
Thailand,2016,1.03
Thailand,2015,1.34
Thailand,2014,2.92
Thailand,2013,2.58
Thailand,2012,2.53
Thailand,2011,1.94
Thailand,2010,2.55
Thailand,2009,2.81
Thailand,2008,2.45
Thailand,2007,2.64
Thailand,2006,2.43
Thailand,2005,2.4
Thailand,2004,2.16
Thailand,2003,3.05
Thailand,2002,3.66
Thailand,2001,5.27
Thailand,2000,6.58
Timor-Leste,2018,0.0
Timor-Leste,2017,0.032
Timor-Leste,2016,0.11
Timor-Leste,2015,0.12
Timor-Leste,2014,0.51
Timor-Leste,2013,1.56
Timor-Leste,2012,7.26
Timor-Leste,2011,31.27
Timor-Leste,2010,99.74
Timor-Leste,2009,102.1
Timor-Leste,2008,135.2
Timor-Leste,2007,115.2
Timor-Leste,2006,126.8
Timor-Leste,2005,120.8
Timor-Leste,2004,181.3
Timor-Leste,2003,51.9
Timor-Leste,2002,84.79
Timor-Leste,2001,118.0
Timor-Leste,2000,122.5
Togo,2018,267.3
Togo,2017,278.2
Togo,2016,324.9
Togo,2015,364.3
Togo,2014,384.7
Togo,2013,385.4
Togo,2012,349.7
Togo,2011,313.4
Togo,2010,308.9
Togo,2009,326.9
Togo,2008,379.9
Togo,2007,434.5
Togo,2006,460.1
Togo,2005,470.4
Togo,2004,466.2
Togo,2003,451.1
Togo,2002,440.3
Togo,2001,439.9
Togo,2000,442.0
Turkey,2018,0.0
Turkey,2017,0.0
Turkey,2016,0.0
Turkey,2015,0.0
Turkey,2014,0.0
Turkey,2013,0.0
Turkey,2012,0.0
Turkey,2011,0.0
Turkey,2010,0.0
Turkey,2009,0.008
Turkey,2008,0.036
Turkey,2007,0.069
Turkey,2006,0.18
Turkey,2005,0.47
Turkey,2004,1.22
Turkey,2003,2.15
Turkey,2002,2.41
Turkey,2001,2.59
Turkey,2000,2.78
Turkmenistan,2018,0.0
Turkmenistan,2017,0.0
Turkmenistan,2016,0.0
Turkmenistan,2015,0.0
Turkmenistan,2014,0.0
Turkmenistan,2013,0.0
Turkmenistan,2012,0.0
Turkmenistan,2011,0.0
Turkmenistan,2010,0.0
Turkmenistan,2009,0.0
Turkmenistan,2008,0.0
Turkmenistan,2007,0.0
Turkmenistan,2006,0.0002
Turkmenistan,2005,0.0002
Turkmenistan,2004,0.0006
Turkmenistan,2003,0.002
Turkmenistan,2002,0.004
Turkmenistan,2001,0.002
Turkmenistan,2000,0.005
Uganda,2018,289.2
Uganda,2017,336.8
Uganda,2016,304.4
Uganda,2015,236.1
Uganda,2014,220.6
Uganda,2013,254.2
Uganda,2012,331.8
Uganda,2011,385.7
Uganda,2010,417.3
Uganda,2009,433.8
Uganda,2008,410.5
Uganda,2007,377.9
Uganda,2006,377.7
Uganda,2005,405.4
Uganda,2004,457.2
Uganda,2003,492.1
Uganda,2002,508.4
Uganda,2001,516.3
Uganda,2000,495.3
United Arab Emirates,2018,0.0
United Arab Emirates,2017,0.0
United Arab Emirates,2016,0.0
United Arab Emirates,2015,0.0
United Arab Emirates,2014,0.0
United Arab Emirates,2013,0.0
United Arab Emirates,2012,0.0
United Arab Emirates,2011,0.0
United Arab Emirates,2010,0.0
United Arab Emirates,2009,0.0
United Arab Emirates,2008,0.0
United Arab Emirates,2007,0.0
United Arab Emirates,2006,0.0
United Arab Emirates,2005,0.0
United Arab Emirates,2004,0.0
United Arab Emirates,2003,0.0
United Arab Emirates,2002,0.0
United Arab Emirates,2001,0.0
United Arab Emirates,2000,0.0
Tanzania,2018,124.3
Tanzania,2017,124.0
Tanzania,2016,123.6
Tanzania,2015,121.7
Tanzania,2014,118.9
Tanzania,2013,111.8
Tanzania,2012,116.2
Tanzania,2011,132.5
Tanzania,2010,145.5
Tanzania,2009,157.1
Tanzania,2008,171.0
Tanzania,2007,184.5
Tanzania,2006,205.8
Tanzania,2005,228.9
Tanzania,2004,252.1
Tanzania,2003,277.2
Tanzania,2002,301.1
Tanzania,2001,331.2
Tanzania,2000,342.7
Uzbekistan,2018,0.0
Uzbekistan,2017,0.0
Uzbekistan,2016,0.0
Uzbekistan,2015,0.0
Uzbekistan,2014,0.0
Uzbekistan,2013,0.0
Uzbekistan,2012,0.0
Uzbekistan,2011,0.0
Uzbekistan,2010,0.002
Uzbekistan,2009,0.0
Uzbekistan,2008,0.004
Uzbekistan,2007,0.016
Uzbekistan,2006,0.039
Uzbekistan,2005,0.055
Uzbekistan,2004,0.036
Uzbekistan,2003,0.041
Uzbekistan,2002,0.042
Uzbekistan,2001,0.044
Uzbekistan,2000,0.073
Vanuatu,2018,3.99
Vanuatu,2017,7.94
Vanuatu,2016,15.01
Vanuatu,2015,2.9
Vanuatu,2014,9.2
Vanuatu,2013,20.75
Vanuatu,2012,33.64
Vanuatu,2011,47.93
Vanuatu,2010,66.33
Vanuatu,2009,64.66
Vanuatu,2008,119.1
Vanuatu,2007,124.4
Vanuatu,2006,107.0
Vanuatu,2005,122.4
Vanuatu,2004,162.2
Vanuatu,2003,214.6
Vanuatu,2002,189.0
Vanuatu,2001,98.84
Vanuatu,2000,125.3
Venezuela,2018,32.68
Venezuela,2017,32.63
Venezuela,2016,18.79
Venezuela,2015,10.57
Venezuela,2014,7.04
Venezuela,2013,6.17
Venezuela,2012,4.21
Venezuela,2011,3.71
Venezuela,2010,4.07
Venezuela,2009,2.99
Venezuela,2008,2.71
Venezuela,2007,3.59
Venezuela,2006,3.25
Venezuela,2005,4.01
Venezuela,2004,4.23
Venezuela,2003,2.94
Venezuela,2002,2.79
Venezuela,2001,1.93
Venezuela,2000,2.94
Vietnam,2018,0.082
Vietnam,2017,0.079
Vietnam,2016,0.073
Vietnam,2015,0.17
Vietnam,2014,0.28
Vietnam,2013,0.31
Vietnam,2012,0.36
Vietnam,2011,0.31
Vietnam,2010,0.35
Vietnam,2009,0.36
Vietnam,2008,0.28
Vietnam,2007,0.45
Vietnam,2006,0.7
Vietnam,2005,0.66
Vietnam,2004,0.92
Vietnam,2003,1.59
Vietnam,2002,2.19
Vietnam,2001,3.11
Vietnam,2000,3.42
Yemen,2018,45.84
Yemen,2017,41.64
Yemen,2016,37.75
Yemen,2015,24.9
Yemen,2014,29.13
Yemen,2013,35.76
Yemen,2012,45.09
Yemen,2011,42.73
Yemen,2010,62.76
Yemen,2009,40.02
Yemen,2008,31.66
Yemen,2007,51.42
Yemen,2006,38.25
Yemen,2005,32.84
Yemen,2004,32.22
Yemen,2003,41.22
Yemen,2002,46.67
Yemen,2001,48.6
Yemen,2000,47.47
Zambia,2018,156.7
Zambia,2017,160.0
Zambia,2016,181.4
Zambia,2015,202.5
Zambia,2014,223.0
Zambia,2013,225.8
Zambia,2012,203.1
Zambia,2011,186.7
Zambia,2010,177.0
Zambia,2009,172.0
Zambia,2008,176.7
Zambia,2007,195.7
Zambia,2006,222.5
Zambia,2005,255.9
Zambia,2004,299.3
Zambia,2003,339.0
Zambia,2002,363.8
Zambia,2001,391.1
Zambia,2000,385.7
Zimbabwe,2018,51.0
Zimbabwe,2017,108.6
Zimbabwe,2016,65.78
Zimbabwe,2015,97.65
Zimbabwe,2014,101.9
Zimbabwe,2013,81.95
Zimbabwe,2012,57.22
Zimbabwe,2011,70.68
Zimbabwe,2010,109.4
Zimbabwe,2009,90.5
Zimbabwe,2008,74.73
Zimbabwe,2007,175.1
Zimbabwe,2006,117.5
Zimbabwe,2005,119.1
Zimbabwe,2004,120.2
Zimbabwe,2003,120.9
Zimbabwe,2002,121.5
Zimbabwe,2001,122.1
Zimbabwe,2000,123.0
